,abn_vs_N,W_vs_N,FC_vs_N,CC_vs_N,WC_vs_N,R_vs_N,S_vs_N,W_vs_crk,CC_vs_FC,WC_vs_W,WC_vs_FC,R_vs_W
duration_s,0.20718902110056678,0.1352075174228274,0.21076334335882652,0.2594119311579545,0.24621130611671072,0.4635098999532331,0.49783686719578746,0.28968222348700434,0.5367862570560139,0.7590873015873015,0.5983282674772037,0.8106230158730159
spec_centroid,0.6700140878950348,0.7460392440400876,0.6739659436017019,0.5243993105466564,0.8356874592941352,0.2725713482356249,0.5955074027617259,0.6128732688294442,0.36976769431176726,0.5253373015873016,0.6620060790273556,0.1495952380952381
spec_bandwidth,0.648160934078494,0.6289978610592276,0.7406440135572163,0.5424296774804397,0.722302079836574,0.1374534124067172,0.44873023784875327,0.43116960728514514,0.3390740338688667,0.5569047619047619,0.4627587205094804,0.1113095238095238
spec_rolloff85,0.6527196720459459,0.6915652929244241,0.6936994692526005,0.5221457836614191,0.7707481558629357,0.19655603278848444,0.5229459139201864,0.5366083285904003,0.3533841728180634,0.5242162698412698,0.5542046605876393,0.11756349206349206
spec_rolloff95,0.6700555190927083,0.6825157156915909,0.7367855325229062,0.566341593575431,0.7691744348519669,0.1603354880543529,0.5150716358012858,0.49233138873079113,0.3643698436821537,0.5424007936507936,0.5256042842668982,0.0993313492063492
spec_flatness,0.5227778955729606,0.4485375871141371,0.6492516591693706,0.3792305408034154,0.4719556316832933,0.14853917948453105,0.18703544452173723,0.29525327262379053,0.22380047763786365,0.5331150793650794,0.29549862498190765,0.19111904761904763
spec_entropy,0.5749926478941517,0.49851009720632244,0.7115730806442663,0.47974246636655504,0.696069570805969,0.07189652748488683,0.24676876616986276,0.33924871940808193,0.3003202344767694,0.6574404761904762,0.47351280937907075,0.11030555555555556
spec_crest,0.5237368475034806,0.6338526540941134,0.37321759361425594,0.6273786032759793,0.4504830190195015,0.9446060246114473,0.8048196004754419,0.709700958072472,0.7196157186278767,0.33654761904761904,0.5698943407150094,0.8597103174603175
dom_freq,0.5904881089979013,0.7083530156052299,0.5337051611297534,0.46009847950145893,0.8324123407270964,0.36890057583556407,0.6351284733823747,0.6805006165812939,0.42983336951802,0.558859126984127,0.7890722246345346,0.2385873015873016
spec_slope_db_khz,0.32554719950768257,0.25636405173625754,0.3938013113660084,0.2042059020993467,0.19129389419200832,0.326067533719519,0.17193140052692985,0.33655473344716375,0.2653821102909249,0.42180555555555554,0.2490519612100159,0.5798730158730159
band_50_100,0.4064968330982285,0.2922461639653753,0.47895190345492183,0.4222794136633987,0.24650610982478188,0.5751466845700743,0.21631054170067246,0.31305444887118195,0.4416630481980026,0.5185912698412698,0.27086409031697783,0.6912380952380952
band_100_200,0.33763963596842433,0.30337289871663553,0.3277616180314566,0.49859968238666197,0.2287059910425579,0.49434306831125535,0.5044485951276335,0.4121328969834946,0.6523122014763352,0.4866666666666667,0.35485598494717036,0.638515873015873
band_200_300,0.5472390071414543,0.5884934024221244,0.5585806787874836,0.42772575078112224,0.7643937372502776,0.2707614973446148,0.4587986876050984,0.5526019730601404,0.38088363004776377,0.6293650793650793,0.7276306267187727,0.24900396825396826
band_300_400,0.6646603382290647,0.6717865929585668,0.733822459949458,0.5502166914846918,0.7560115568791835,0.17110923660902572,0.5177432577263872,0.493009391007399,0.3506621797655232,0.5310912698412699,0.5053842813721233,0.10983333333333334
band_400_600,0.6902555184487954,0.7074024673133699,0.7521403234517242,0.5799162822024634,0.7940548636156276,0.2108166421355552,0.48273647482841914,0.49145608044014416,0.36033977420755536,0.5464285714285714,0.5318569981183963,0.10624603174603174
band_600_800,0.6583763919442813,0.6471358528649755,0.7347011114360763,0.5302722523003297,0.7204141884505806,0.23014443229843604,0.5008804986662431,0.42118525896414344,0.3004939209726444,0.5672619047619047,0.4646113764654798,0.14906349206349206
band_800_1000,0.5854378630921527,0.5425072804322066,0.6809446464946882,0.4710199347558509,0.5716322800735646,0.1988080175132052,0.418694689255634,0.3721056251185733,0.29989144594007816,0.5292261904761905,0.3555362570560139,0.19682936507936508
band_1000_1250,0.4848686164656815,0.4081614147135024,0.5992587190749125,0.35724614603327626,0.39517038363215384,0.1822475088728026,0.26499586453192525,0.31972917852399924,0.26861159357359965,0.49646825396825395,0.298762483716891,0.2508015873015873
band_1250_1500,0.4596180584461369,0.37134087987788955,0.5830244159187227,0.31813435517606453,0.3484386162731647,0.18153825849192481,0.18449117310357294,0.3041723581863024,0.24862136343899263,0.4909126984126984,0.27045882182660297,0.2766626984126984
band_1500_2000,0.45425558835934204,0.3624454469683276,0.5812229954034612,0.30708083001230857,0.34659161007296213,0.1747015381437265,0.16671915881110314,0.2990424018212863,0.23809161962657405,0.49373015873015874,0.2726588507743523,0.2784404761904762
lf_hf_db,0.34063043675234234,0.3471295013154988,0.26592153377409367,0.47266502552096334,0.2827547720901942,0.7815081325655526,0.4945070394247956,0.562234870043635,0.7013080764220582,0.44686507936507935,0.5347228253003329,0.852845238095238
n_spec_peaks,0.63113451479091,0.7624914141109839,0.5201889307640283,0.6295831755308618,0.5692982380636776,0.6950346735066866,0.8467261334195118,0.7397002466325175,0.6083559487624837,0.2891964285714286,0.5484585323491099,0.4175238095238095
max_peak_prom_db,0.639668081282049,0.7910067833544214,0.4738210278233533,0.749023597207757,0.7221772724273177,0.9141203086042515,0.9103315495133294,0.7928059191804212,0.7707338254450716,0.365952380952381,0.7430887248516428,0.665686507936508
dom_freq_std,0.5658672130427181,0.6135491996424799,0.5690839293736045,0.3923965850795583,0.7104657566008753,0.332672521230038,0.5701262472564969,0.5600828762492269,0.3316357754852247,0.5678101635280477,0.6353893454566649,0.25659509815681103
dom_persist,0.45202764976958526,0.4137241013832185,0.44848573116466806,0.6129260499087036,0.27082355157522536,0.6453417094165724,0.4581037090318892,0.4546503318608541,0.6570395829690505,0.3577825756667066,0.3189295914204115,0.7135580344648355
frame_peakiness_db,0.5021765728838147,0.5864885722319295,0.36945558879886925,0.6466718382840272,0.5836568283998542,0.8563882744156287,0.8531087217295569,0.7012521343198634,0.7603452019105514,0.4896031746031746,0.7168186423505573,0.8000277777777778
spec_flux,0.4289340527373888,0.5642001566548172,0.2805439442034879,0.4061520907392902,0.36776941902868276,0.7247461532061158,0.8044243118051637,0.7128353253652059,0.5749782891880156,0.33557539682539683,0.5518743667679837,0.6136111111111111
energy_cv,0.4637664491007526,0.4008550993151373,0.478788948748016,0.5654555685623047,0.3988342701061867,0.6093135018663729,0.6388376139535987,0.40707218744071333,0.5985779418150239,0.5063293650793651,0.4076277319438414,0.7217301587301588
temporal_flatness,0.43530822962119065,0.44636934887831137,0.4859180615092668,0.23230048029334044,0.5156497014664153,0.16384774069897887,0.12989477835534352,0.4726761999620565,0.23150781589231437,0.5768055555555556,0.5345780865537705,0.2018452380952381
rms_db,0.5495213105283904,0.6460279970275753,0.41030781005026545,0.7124230174988595,0.6765307557016902,0.85436926352152,0.9374111056945305,0.7140357617150446,0.784959834997829,0.5144246031746031,0.7641916341004487,0.7450436507936508
crest_factor,0.43963544409524946,0.2821176266795204,0.5761986501753622,0.4850317182967662,0.40423685290227435,0.2785727196825588,0.35782388566024165,0.19820053120849934,0.38628419452887536,0.6641468253968253,0.2895353886235345,0.4890357142857143
kurtosis,0.4935074443233786,0.3597227661625595,0.6044354520436458,0.5678199158195543,0.43140470021834126,0.37765545695292035,0.4431934577442802,0.23951669512426485,0.4446482848458532,0.5944246031746032,0.2731075408886959,0.5231626984126985
skewness,0.529067453098992,0.45925202345805466,0.5905755114127814,0.5548356415531206,0.4439126979345091,0.45903218309677307,0.4986981948179755,0.3769427053690002,0.4580709943551889,0.4863095238095238,0.3601823708206687,0.4966190476190476
zcr,0.6473829768738671,0.7960792111024081,0.5841616009631506,0.5988913121132047,0.8480182878718758,0.269563202758961,0.6763256776964074,0.7352520868905331,0.5259525618758142,0.49293650793650795,0.7772036474164133,0.10385714285714286
n_transients,0.30144208900072533,0.19879144825370046,0.32957256163590554,0.40085772816085524,0.27413158430812223,0.5477504540407475,0.5316523066417626,0.279480411686587,0.5792146113764655,0.6715873015873016,0.4285207700101317,0.779593253968254
transient_rate,0.5027335115745649,0.41647443815147317,0.544630836531962,0.6113066905378769,0.4075449665315304,0.5946591036245793,0.6106598308201008,0.37408603680516034,0.5718193660442901,0.5239087301587302,0.3533796497322333,0.6442420634920635
env_kurtosis,0.5177919305751476,0.3147257034403808,0.6846403010175237,0.5972077569956705,0.4213082111798747,0.403533627706671,0.3415175433311241,0.1449649022955796,0.36511072514112025,0.62875,0.16406136922854248,0.596047619047619
env_cv,0.577206641317961,0.4304730774637987,0.6743529472953785,0.7063061095378683,0.47392529344086853,0.5879866413035058,0.6361381483692745,0.26345095807247204,0.5217053842813721,0.5524801587301588,0.26003763207410624,0.6493730158730159
env_peak_to_median,0.5348581988743482,0.3613575746620875,0.649665876921764,0.6659034765319034,0.41678788765611685,0.5576154038165245,0.6082671019406574,0.22974577878960348,0.5223512809379071,0.5848412698412698,0.23143725575336518,0.6759206349206349
if_mean,0.6797776660639948,0.73461152617943,0.7074256837349117,0.5146842372545813,0.8064925675035935,0.2575471183834141,0.5366751201841881,0.5782441661923734,0.337559704732957,0.5126587301587302,0.6032710956723115,0.1413095238095238
if_std,0.6583540573643631,0.6314333413669136,0.7472140660422573,0.552455693369714,0.7232431563937258,0.19929677480439667,0.5321032826304863,0.41754078922405613,0.35297980894485453,0.5653769841269841,0.4538862353452019,0.14738492063492065
acf_peak,0.45135774100626114,0.5529927095258179,0.31031762615758185,0.5107447344184405,0.32575594556675475,0.8857719553447697,0.7156906779428922,0.7028585657370517,0.6703213200173687,0.30198412698412697,0.533550441453177,0.8066349206349206
f0_acf,0.32489430859159224,0.24972030587857244,0.38068845708190935,0.3873599682386662,0.2790040942568508,0.3037858247474443,0.2914313649235623,0.38815831910453424,0.4972997177594442,0.5231944444444444,0.4157909972499638,0.5098511904761904
mf_peak_ratio,0.5612780935761866,0.3952369404109176,0.6737747858998944,0.6865305907263791,0.48009393550756446,0.5473106155157128,0.6598682492819987,0.23626731170555873,0.5126465479808945,0.60125,0.2635837313648864,0.6368095238095238
mf_f0,0.561502607617398,0.48239626639352495,0.6211178714870103,0.5981147625646631,0.6269642821278659,0.5654399676361477,0.39761932149110557,0.3729078922405616,0.48533434650455926,0.6288095238095238,0.49248082211608046,0.5805833333333333
mf_dur_ms,0.42021819449574027,0.4602665140286397,0.37650108151159994,0.3800622315564775,0.400574400996164,0.4998647202449094,0.6089061367424927,0.5787070764560804,0.5022742075553626,0.44146825396825395,0.5095093356491532,0.5416190476190477
mf_rate,0.5705034709206621,0.5400920598100059,0.5747103378444085,0.6911678315358197,0.659206913469732,0.5911953393757334,0.6915360753403773,0.47421267311705556,0.6159058836300477,0.5884920634920635,0.5852221739759733,0.530420634920635
mfcc_1_mean,0.6105197527190374,0.7200584945070394,0.492831805945814,0.7404495433770303,0.7954478290683629,0.7267770710139813,0.8441111117197156,0.7171134509580724,0.7540327833260964,0.5942460317460317,0.8093067014039659,0.46768650793650796
mfcc_2_mean,0.31386750203637465,0.28419388042015625,0.2755730381566376,0.4161794515359919,0.255450640821491,0.7032983585673831,0.43230430472100656,0.45543492695883137,0.5988981762917933,0.488015873015873,0.4466927196410479,0.8488928571428571
mfcc_3_mean,0.24975099427055475,0.17160023899901589,0.2613074505536486,0.29218813210649086,0.10416971512350195,0.5932773278016394,0.31022766071268815,0.33942278505027507,0.4847752930959618,0.44240079365079366,0.2628021421334491,0.8794047619047619
mfcc_4_mean,0.3509847590408825,0.2463526540941134,0.4041062461758845,0.3436652708320781,0.18738326203530759,0.5481501246639524,0.4185604919472486,0.3161103206222728,0.4268996960486322,0.4774603174603175,0.25497177594442033,0.7643849206349206
mfcc_5_mean,0.6759875025699025,0.6764655258982547,0.7003842749623518,0.6372682455521221,0.714487988362785,0.5168527301262132,0.6067681088769237,0.5089209827357237,0.41772687798523667,0.5264880952380953,0.5341872919380518,0.3300753968253968
mfcc_6_mean,0.6772560110421869,0.6769913237332048,0.7017946078437657,0.6883064064934282,0.6473344293432262,0.5366153378264,0.5182444435923981,0.48296433314361603,0.474234693877551,0.43142857142857144,0.3611086987986684,0.34299603174603177
mfcc_7_mean,0.5145979568642728,0.4390800546283465,0.5694137421473431,0.5660091324593945,0.2898601870102744,0.586483787947908,0.3484528967447567,0.39027271864921265,0.5147742075553625,0.36837301587301585,0.23900709219858157,0.6189166666666667
mfcc_8_mean,0.3729904098367819,0.3090416440722219,0.3954256939905461,0.3989791614663579,0.18451269162241024,0.5916347475303914,0.35666449394834043,0.3789072282299374,0.4903061224489796,0.43025793650793653,0.2596468374583876,0.7168888888888889
mfcc_9_mean,0.41689016731157613,0.3877178104476713,0.4203909484502363,0.3769151481765207,0.38607665757150605,0.5864450546140008,0.40799450795233166,0.4425920129007778,0.4462820234476769,0.5376785714285715,0.46841800550007234,0.6657222222222222
mfcc_10_mean,0.4734289973309809,0.4621997951437007,0.4726082807289485,0.4085312319782405,0.45900004877530937,0.6019739654613427,0.40835693197565825,0.48229083665338646,0.43269105514546247,0.5062698412698413,0.4833839918946302,0.6038769841269841
mfcc_11_mean,0.515207907986682,0.5155546183045129,0.5122979159268722,0.48050153211854124,0.5016640987900854,0.566688185185504,0.4851470053916279,0.5081512047049895,0.46938232739904473,0.4826388888888889,0.49279201042118975,0.5333452380952381
mfcc_12_mean,0.5568234855282869,0.5489738607378843,0.5716933499352521,0.5205066104889868,0.6186574165727025,0.512775114263335,0.49135751075860734,0.5042174160500854,0.46396005210594876,0.5323214285714286,0.5699667100882906,0.4682023809523809
snr_vs_floor_db,0.6771947933200473,0.7367797393103171,0.5796725082882925,0.8804570963771422,0.6369409847448048,0.921507329207516,0.9278292352944398,0.6617961487383798,0.8447676943117672,0.36259920634920634,0.5561152120422637,0.7422341269841269
level_vs_rec_db,0.5981588689577395,0.6311830200236991,0.5162024374346775,0.7831858597509016,0.4465709522948783,0.9169827019799907,0.8084620988459031,0.6064432745209638,0.7770245332175424,0.32970238095238097,0.4293964394268346,0.8090833333333334
rel_low_db,0.5896294511056215,0.6187895402783635,0.507280072038507,0.7865709917454962,0.45614812774540436,0.9199278699248573,0.8117312183107206,0.5999172358186302,0.7863873208858011,0.3491468253968254,0.44772036474164134,0.8169960317460317
rel_mid_db,0.5445212714336768,0.5223532114237512,0.5390926473876609,0.6708102367897812,0.3327451604851135,0.6379093180924837,0.7061955336944793,0.48376209447922597,0.6366207121146331,0.34809523809523807,0.3023158199449993,0.5981349206349207
rel_high_db,0.6024183989840893,0.5416624239320359,0.648978657841449,0.6631025723237418,0.5441947339880702,0.5087545942037718,0.7786867287078169,0.41441661923733636,0.5312038645245332,0.4880555555555556,0.3782312925170068,0.47213492063492063
rel_tilt_db,0.5292310529770164,0.43414851579602737,0.6581896094672692,0.4031919494917326,0.5526099094213813,0.13429492421177666,0.49943217193322637,0.3269977233921457,0.2851769431176726,0.6093650793650793,0.38493269648284845,0.19971031746031745
