,N,W,FC
duration_s,0.6130665134099617,0.8970956284153005,0.8961365120572751
spec_centroid,0.44117547892720305,0.2810601092896175,0.35118976401441554
spec_bandwidth,0.42992597701149426,0.35365300546448086,0.13553747792926077
spec_rolloff85,0.4479213026819923,0.29385519125683063,0.28223940402957276
spec_rolloff95,0.4177065134099617,0.2882131147540984,0.16496674272169504
spec_flatness,0.4004121072796935,0.41580054644808745,0.10121693420299437
spec_entropy,0.39225003831417626,0.38527322404371583,0.20740383607588303
spec_crest,0.5925296551724137,0.5184808743169399,0.6328364225649625
dom_freq,0.4370423754789272,0.3287827868852459,0.5396136512057275
spec_slope_db_khz,0.5020027586206897,0.5738989071038252,0.3982417582417582
band_50_100,0.5238911111111111,0.6298510928961749,0.40193658139366134
band_100_200,0.4603991570881226,0.5883387978142076,0.653320326042263
band_200_300,0.4891150957854406,0.4265136612021858,0.5777939741842897
band_300_400,0.3914447509578544,0.27324043715846996,0.16481097772367032
band_400_600,0.38549655172413794,0.252827868852459,0.09423508259898575
band_600_800,0.37778643678160917,0.3574016393442623,0.08737739150064902
band_800_1000,0.42020689655172416,0.4227158469945355,0.10629235767900479
band_1000_1250,0.4322794636015326,0.45899180327868855,0.12212814331669798
band_1250_1500,0.43155340996168584,0.4768360655737705,0.1323528415824821
band_1500_2000,0.43233302681992336,0.481775956284153,0.13520998443962493
lf_hf_db,0.6201744061302682,0.6413715846994535,0.910763425862472
n_spec_peaks,0.5433607662835249,0.3834672131147541,0.4848277474543065
max_peak_prom_db,0.580372183908046,0.40174590163934426,0.6340435206759492
dom_freq_std,0.4649755903807559,0.4412671539276817,0.43796368329106644
dom_persist,0.5403833547575291,0.5342940909278606,0.5344111120312955
frame_peakiness_db,0.5786940996168582,0.5667090163934426,0.8761597316843098
spec_flux,0.6115674329501916,0.6013661202185793,0.7605500149153854
energy_cv,0.5712033716475096,0.6480027322404371,0.6452369933807938
temporal_flatness,0.42995785440613027,0.41133333333333333,0.3631527093596059
rms_db,0.6864616091954023,0.7108306010928962,0.9008925044141478
crest_factor,0.5746142528735633,0.6138811475409836,0.545465803455532
kurtosis,0.5673659770114943,0.589879781420765,0.5243159481750824
skewness,0.5197796168582376,0.5093333333333333,0.42706408778308996
zcr,0.42844827586206896,0.256275956284153,0.38601759209242703
n_transients,0.5829023754789272,0.8080409836065574,0.8057358928672208
transient_rate,0.5389209195402299,0.6034344262295082,0.5289453613151339
env_kurtosis,0.5711331800766284,0.5690218579234972,0.4150185837639983
env_cv,0.5726105747126436,0.5872923497267759,0.4843562600275733
env_peak_to_median,0.5804426053639846,0.6327049180327868,0.5084411406641781
if_mean,0.47500459770114944,0.3095765027322404,0.2806782066063064
if_std,0.44000659003831416,0.37499180327868853,0.13100771568856676
acf_peak,0.5233958620689655,0.4954344262295082,0.7073778752428789
f0_acf,0.5216361685823755,0.6306270491803279,0.6533770851305701
mf_peak_ratio,0.5730839846743295,0.6180491803278688,0.4676729580031121
mf_f0,0.47184934865900385,0.4695409836065574,0.3552172405730733
mf_dur_ms,0.46051417624521074,0.5746256830601093,0.5647864681173559
mf_rate,0.4671526436781609,0.5235696721311476,0.45217901687454143
mfcc_1_mean,0.6198098084291188,0.543863387978142,0.8050354341183394
mfcc_2_mean,0.614543295019157,0.6823661202185792,0.9157056589778527
mfcc_3_mean,0.5980430651340997,0.8193852459016393,0.8532487321922392
mfcc_4_mean,0.5318603831417624,0.6887650273224044,0.41924004095684214
mfcc_5_mean,0.3815684291187739,0.35698360655737704,0.10206380560012254
mfcc_6_mean,0.377623754789272,0.24722950819672132,0.10788644957390373
mfcc_7_mean,0.5279900383141762,0.5313934426229509,0.3726030975627454
mfcc_8_mean,0.6569475862068965,0.6275355191256831,0.6832397829609862
mfcc_9_mean,0.6144534865900383,0.6480245901639344,0.5812898180322978
mfcc_10_mean,0.5327544827586207,0.5955737704918033,0.45573129731603684
mfcc_11_mean,0.5770613026819923,0.5978715846994536,0.5023995227076665
mfcc_12_mean,0.6282908812260536,0.5378879781420765,0.5040474712374933
snr_vs_floor_db,0.5395022222222222,0.44579234972677595,0.5608952456201173
level_vs_rec_db,0.5203352490421456,0.4336229508196721,0.5523368780888956
rel_low_db,0.5243904214559387,0.44651092896174865,0.566542936154088
rel_mid_db,0.4747135632183908,0.48836338797814205,0.4831015939306475
rel_high_db,0.4342566283524904,0.5286120218579234,0.3391073343384422
rel_tilt_db,0.41785800766283526,0.5911666666666666,0.29011730749074843
