task,held_out,features,n_feat,roc_auc,macro_f1
gate1 N/abn,2022,all,65,0.8363768196790884,0.7241897614355792
gate1 N/abn,2022,shape,21,0.6937126471479984,0.6178793249544844
gate1 N/abn,2022,tonal,9,0.7050631268721349,0.6234565308501032
gate1 N/abn,2022,temporal,16,0.8139141693989135,0.7080466020955685
gate1 N/abn,2022,mfcc,12,0.6518440210445328,0.5823074232126937
gate1 N/abn,2022,level,7,0.6743663475275655,0.5669250883325183
gate1 N/abn,2022,shape+tonal+temporal,46,0.8508264395779435,0.7418534414723426
gate1 N/abn,2022,year-stable top15,15,0.7439488000599268,0.6350940888277714
gate1 N/abn,2023,all,65,0.8455786950498098,0.753914770394861
gate1 N/abn,2023,shape,21,0.7642697620321706,0.6803517368806729
gate1 N/abn,2023,tonal,9,0.7556058906750527,0.6946833463643471
gate1 N/abn,2023,temporal,16,0.8533519280061184,0.7407260947040628
gate1 N/abn,2023,mfcc,12,0.702138265197663,0.610228107611295
gate1 N/abn,2023,level,7,0.7315812557879279,0.6733492095313955
gate1 N/abn,2023,shape+tonal+temporal,46,0.8401609502097706,0.7409423594836198
gate1 N/abn,2023,year-stable top15,15,0.7658421236533524,0.6695562403670041
gate1 N/abn,2024,all,65,0.8024230543535563,0.5633958993754006
gate1 N/abn,2024,shape,21,0.7650401617583084,0.5124939698103448
gate1 N/abn,2024,tonal,9,0.7780607162846545,0.5019349122825718
gate1 N/abn,2024,temporal,16,0.803764038320023,0.6250263060977534
gate1 N/abn,2024,mfcc,12,0.6991191788489086,0.4983078632028247
gate1 N/abn,2024,level,7,0.7460583609232257,0.49957742443067227
gate1 N/abn,2024,shape+tonal+temporal,46,0.8034276065164097,0.5605440840914423
gate1 N/abn,2024,year-stable top15,15,0.7796293761544727,0.5260430640604704
gate1 N/abn,2025,all,65,0.6293157490792336,0.3906431436874151
gate1 N/abn,2025,shape,21,0.5695956802317924,0.4029716230475192
gate1 N/abn,2025,tonal,9,0.5543298046749048,0.40750869083284436
gate1 N/abn,2025,temporal,16,0.6276197223395413,0.3740647396674315
gate1 N/abn,2025,mfcc,12,0.528257151550657,0.3737754869273908
gate1 N/abn,2025,level,7,0.5991216047448421,0.4382140770219007
gate1 N/abn,2025,shape+tonal+temporal,46,0.634011453380382,0.396611364271248
gate1 N/abn,2025,year-stable top15,15,0.5821521637442836,0.39673946409518973
gate2 W/crk,2022,all,65,0.936773413217445,0.8118528939349761
gate2 W/crk,2022,shape,21,0.8434618323652541,0.7186723311542311
gate2 W/crk,2022,tonal,9,0.8569502458874215,0.7856831285344981
gate2 W/crk,2022,temporal,16,0.9126656634272347,0.8360292244633305
gate2 W/crk,2022,mfcc,12,0.8400892601812394,0.7339589821390227
gate2 W/crk,2022,level,7,0.7295847807640561,0.5335443827807749
gate2 W/crk,2022,shape+tonal+temporal,46,0.9307089714920608,0.8245907744094545
gate2 W/crk,2022,year-stable top15,15,0.9162107552892752,0.7981914088900572
gate2 W/crk,2023,all,65,0.9015809563884464,0.8014313830738952
gate2 W/crk,2023,shape,21,0.8350365182892008,0.7356444133900781
gate2 W/crk,2023,tonal,9,0.8459318926392354,0.7711286503551698
gate2 W/crk,2023,temporal,16,0.8455261338703375,0.749936858721389
gate2 W/crk,2023,mfcc,12,0.7786661056175048,0.7298792756539236
gate2 W/crk,2023,level,7,0.6942983378918578,0.6660715307582261
gate2 W/crk,2023,shape+tonal+temporal,46,0.895810165008566,0.8057016759110157
gate2 W/crk,2023,year-stable top15,15,0.8963962610080851,0.8101463520763967
gate2 W/crk,2024,all,65,0.9071353003408957,0.6144527398225103
gate2 W/crk,2024,shape,21,0.8372124916735237,0.685951145985725
gate2 W/crk,2024,tonal,9,0.7718741428627405,0.6795604015230183
gate2 W/crk,2024,temporal,16,0.834606794404608,0.6043716870078049
gate2 W/crk,2024,mfcc,12,0.7618431879628541,0.5427609990095821
gate2 W/crk,2024,level,7,0.6606324203597038,0.5120222426404784
gate2 W/crk,2024,shape+tonal+temporal,46,0.8865248226950355,0.6289638643067846
gate2 W/crk,2024,year-stable top15,15,0.8715959405979389,0.7074247144340602
gate2 W/crk,2025,all,65,0.8118150483396385,0.6535332987952297
gate2 W/crk,2025,shape,21,0.7606944094157209,0.6002366260980367
gate2 W/crk,2025,tonal,9,0.6847078604455653,0.569034090909091
gate2 W/crk,2025,temporal,16,0.7599663724253888,0.605438307486998
gate2 W/crk,2025,mfcc,12,0.7574762505254309,0.5904009394609505
gate2 W/crk,2025,level,7,0.5731063472047079,0.46700592057761736
gate2 W/crk,2025,shape+tonal+temporal,46,0.7860865910046237,0.6259652740851454
gate2 W/crk,2025,year-stable top15,15,0.7676216897856243,0.5574995400075948
gate2 6cls,2022,all,65,,0.3820639602278251
gate2 6cls,2022,shape,21,,0.33616702827229145
gate2 6cls,2022,tonal,9,,0.3684760808717317
gate2 6cls,2022,temporal,16,,0.34656986799946915
gate2 6cls,2022,mfcc,12,,0.2719402218960046
gate2 6cls,2022,level,7,,0.2353825224946081
gate2 6cls,2022,shape+tonal+temporal,46,,0.4021254287958446
gate2 6cls,2022,year-stable top15,15,,0.3551968910139709
gate2 6cls,2023,all,65,,0.4155065376787808
gate2 6cls,2023,shape,21,,0.37234847498190465
gate2 6cls,2023,tonal,9,,0.32597808048869376
gate2 6cls,2023,temporal,16,,0.3434248481690369
gate2 6cls,2023,mfcc,12,,0.2200294411768576
gate2 6cls,2023,level,7,,0.3303478754391475
gate2 6cls,2023,shape+tonal+temporal,46,,0.40568804812399245
gate2 6cls,2023,year-stable top15,15,,0.38261229694899185
gate2 6cls,2024,all,65,,0.24800040620464744
gate2 6cls,2024,shape,21,,0.27831346777214677
gate2 6cls,2024,tonal,9,,0.256829809910399
gate2 6cls,2024,temporal,16,,0.23641276236370445
gate2 6cls,2024,mfcc,12,,0.17779023335663566
gate2 6cls,2024,level,7,,0.2337372652027807
gate2 6cls,2024,shape+tonal+temporal,46,,0.27374105881752436
gate2 6cls,2024,year-stable top15,15,,0.3094446102104491
gate2 6cls,2025,all,65,,0.1801842532178324
gate2 6cls,2025,shape,21,,0.18933487821327097
gate2 6cls,2025,tonal,9,,0.1745134884807926
gate2 6cls,2025,temporal,16,,0.18299481100742931
gate2 6cls,2025,mfcc,12,,0.17242741052567942
gate2 6cls,2025,level,7,,0.18275897884148107
gate2 6cls,2025,shape+tonal+temporal,46,,0.17493670581420842
gate2 6cls,2025,year-stable top15,15,,0.17958975542013753
